FILE, GAIA ROW, GALEX ROW, GAIA RA, GALEX RA, GAIA DEC, GALEX DEC
Berkeley_12,38,46,71.10326416044210,71.103270559077,42.68383961173810,42.683832048228
Berkeley_12,40,46,71.10326416044210,71.103270559077,42.68383961173810,42.683832048228
Ruprecht_138,59,22,269.9515188414010,269.951514586253,-24.66882250386640,-24.6688317130627
